student_id,name,age,gender
1,Robert,25,F
2,John,24,M
3,Michael,26,M
4,David,25,M
5,William,24,M
6,Richard,26,M
7,Joseph,26,M
8,Thomas,24,M
9,Charles,26,M
10,Christopher,26,M
11,Daniel,24,M
12,Matthew,26,M
13,Anthony,26,M
14,Mark,25,M
15,Donald,26,M
16,Steven,26,M
17,Paul,26,M
18,Andrew,25,M
19,Joshua,26,M
20,Kenneth,24,M
21,Kevin,26,M
22,Brian,26,M
23,George,26,M
24,Timothy,25,M
25,Ronald,26,M
26,Edward,24,M
27,Jason,25,M
28,Jeffrey,26,M
29,Ryan,24,M
30,Jacob,25,M
31,Gary,24,M
32,Nicholas,25,M
33,Eric,24,M
34,Jonathan,25,M
35,Stephen,24,M
36,Larry,25,M
37,Justin,24,M
38,Scott,25,M
39,Brandon,24,M
40,Benjamin,24,M
41,Samuel,26,M
42,Gregory,26,M
43,Alexander,25,M
44,Frank,24,M
45,Patrick,26,M
46,Raymond,25,M
47,Jack,24,M
48,Dennis,25,M
49,Jerry,26,M
50,Tyler,24,M
51,Aaron,25,M
52,Jose,24,M
53,Adam,25,M
54,Nathan,26,M
55,Henry,26,M
56,Douglas,25,M
57,Zachary,25,M
58,Peter,25,M
59,Kyle,25,M
60,Ethan,26,M
61,Walter,26,M
62,Noah,24,M
63,Jeremy,26,M
64,Christian,24,M
65,Keith,26,M
66,Roger,24,M
67,Terry,26,M
68,Gerald,26,M
69,Harold,25,M
70,Sean,24,M
71,Austin,26,M
72,Carl,25,M
73,Arthur,25,M
74,Lawrence,26,M
75,Dylan,25,M
76,Jesse,26,M
77,Jordan,25,M
78,Bryan,26,M
79,Billy,25,M
80,Joe,25,M
81,Bruce,26,M
82,Gabriel,24,M
83,Logan,24,M
84,Albert,24,M
85,Willie,26,M
86,Alan,26,M
87,Juan,25,M
88,Wayne,24,M
89,Elijah,25,M
90,Randy,25,M
91,Roy,25,M
92,Vincent,25,M
93,Ralph,24,M
94,Eugene,26,M
95,Russell,24,M
96,Bobby,25,M
97,Mason,25,M
98,Philip,25,M
99,Louis,25,M
100,Patricia,25,F
101,Jennifer,26,F
102,Linda,24,F
103,Elizabeth,25,F
104,Barbara,25,F
105,Susan,24,F
106,Jessica,24,F
107,Sarah,24,F
108,Karen,25,F
109,Lisa,26,F
110,Nancy,24,F
111,Betty,25,F
112,Margaret,26,F
113,Sandra,24,F
114,Ashley,26,F
115,Kimberly,25,F
116,Emily,24,F
117,Donna,24,F
118,Michelle,26,F
119,Carol,25,F
120,Amanda,25,F
121,Dorothy,26,F
122,Melissa,26,F
123,Deborah,25,F
124,Stephanie,26,F
125,Rebecca,25,F
126,Sharon,25,F
127,Laura,24,F
128,Cynthia,25,F
129,Kathleen,25,F
130,Amy,26,F
131,Angela,26,F
132,Shirley,26,F
133,Anna,25,F
134,Brenda,26,F
135,Pamela,24,F
136,Emma,25,F
137,Nicole,24,F
138,Helen,26,F
139,Samantha,24,F
140,Katherine,26,F
141,Christine,26,F
142,Debra,26,F
143,Rachel,25,F
144,Carolyn,26,F
145,Janet,24,F
146,Catherine,25,F
147,Maria,25,F
148,Heather,25,F
149,Diane,25,F
150,Ruth,24,F
151,Julie,24,F
152,Olivia,25,F
153,Joyce,26,F
154,Virginia,25,F
155,Victoria,24,F
156,Kelly,25,F
157,Lauren,26,F
158,Christina,26,F
159,Joan,24,F
160,Evelyn,26,F
161,Judith,24,F
162,Megan,25,F
163,Andrea,26,F
164,Cheryl,26,F
165,Hannah,25,F
166,Jacqueline,24,F
167,Martha,25,F
168,Gloria,25,F
169,Teresa,26,F
170,Ann,26,F
171,Sara,24,F
172,Madison,24,F
173,Frances,25,F
174,Kathryn,26,F
175,Janice,25,F
176,Jean,25,F
177,Abigail,25,F
178,Alice,24,F
179,Julia,25,F
180,Judy,24,F
181,Sophia,25,F
182,Grace,26,F
183,Denise,24,F
184,Amber,26,F
185,Doris,26,F
186,Marilyn,25,F
187,Danielle,25,F
188,Beverly,26,F
189,Isabella,24,F
190,Theresa,26,F
191,Diana,26,F
192,Natalie,25,F
193,Brittany,24,F
194,Charlotte,25,F
195,Marie,24,F
196,Kayla,24,F
197,Alexis,24,F
198,Lori,24,F
199,amitha,24,F
200,govardhan,25,M
201,vinay,26,M
202,ramesh,24,M
203,shreya,24,F
204,sailaja,25,F
205,karan,24,F
206,malathi,25,F
207,anvita,25,F
208,ashok,25,M
209,balu,24,M
210,junnu,26,M
211,sailaja,25,M
212,himanshu,25,M
213,jasleen,25,M
214,harini,25,M
215,sharma,26,M
216,sushma,26,M
217,Haden,26,M
218,Hadley,26,M
219,Haiden,25,M
220,Hailee,24,M
221,Hailey,24,M
222,Hailie,26,M
223,Hakeem,26,M
224,Hakim,24,M
225,Hal,24,M
226,Halbert,24,M
227,Hale,24,M
228,Haleigh,26,M
229,Haley,24,M
230,Hali,25,M
231,Halie,24,M
232,Hall,24,M
233,Halle,26,M
234,Halley,26,M
235,Hallie,26,M
236,Gabe,26,M
237,Gabriel,25,M
238,Gabriela,26,M
239,Gabriella,24,M
240,Gabrielle,24,M
241,Gael,24,M
242,Gaetano,25,M
243,Gage,25,M
244,Gaige,25,M
245,Gail,24,M
246,Gaines,24,M
247,Gaither,24,M
248,Gale,25,M
249,Galen,25,M
250,Galilea,26,M
251,Gannon,25,M
252,Gardner,26,M
253,Garett,24,M
254,Garey,26,M
255,Garfield,24,M
256,Kaaren,25,M
257,Kacey,25,M
258,Kaci,25,M
259,Kacie,24,M
260,Kacy,25,M
261,Kade,26,M
262,Kadeem,24,M
263,Kaden,24,M
264,Kadence,26,M
265,Kadijah,24,M
266,Kadin,26,M
267,Kadyn,24,M
268,Kaeden,26,M
269,Kael,26,M
270,Kaela,24,M
271,Kaelyn,25,M
272,Kahlil,24,M
273,Kai,25,M
274,Kaia,26,M
275,Kaiden,24,M
276,Ula,24,M
277,Ulises,25,M
278,Ulysses,24,M
279,Una,25,M
280,Unique,26,M
281,Ura,24,M
282,Urban,26,M
283,Uriah,24,M
284,Uriel,25,M
285,Urijah,25,M
286,Ursula,25,M
287,Mabel,24,M
288,Mabell,25,M
289,Mabelle,26,M
290,Mable,26,M
291,Mac,25,M
292,Macarthur,25,M
293,Mace,26,M
294,Macel,24,M
295,Maceo,24,M
296,Macey,26,M
297,Machelle,24,M
298,Maci,24,M
299,Macie,26,M
300,Mack,25,M
301,Mackenzie,25,M
302,Macy,26,M
303,Madaline,26,M
304,Madalyn,25,M
305,Madalynn,25,M
306,Madden,25,M
307,Rachael,24,M
308,Racheal,26,M
309,Rachel,24,M
310,Rachelle,26,M
311,Racquel,24,M
312,Rae,25,M
313,Raegan,24,M
314,Raekwon,24,F
315,Raelynn,26,F
316,Rafael,26,F
317,Rafaela,24,F
318,Rafe,25,F
319,Ragna,24,F
320,Raheem,24,F
321,Rahn,26,F
322,Rahsaan,26,F
323,Rahul,26,F
324,Raiden,26,F
325,Raina,25,F
326,Rakeem,24,F
327,Sabastian,24,F
328,Sabina,25,F
329,Sable,24,F
330,Sabra,25,F
331,Sabrina,25,F
332,Sada,24,F
333,Sade,24,F
334,Sadie,26,F
335,Sadye,24,F
336,Sage,26,F
337,Saige,24,F
338,Saint,24,F
339,Sal,24,F
340,Salena,24,F
341,Salina,25,F
342,Sallie,24,F
343,Sally,26,F
344,Salma,26,F
345,Salome,24,F
346,Salomon,24,F
347,Talon,24,F
348,Tamala,24,F
349,Tamara,26,F
350,Tamatha,25,F
351,Tambra,25,F
352,Tameka,26,F
353,Tamekia,25,F
354,Tamela,24,F
355,Tamera,24,F
356,Tami,24,F
357,Tamia,26,F
358,Tamica,25,F
359,Tamie,26,F
360,Tamika,24,F
361,Tamiko,24,F
362,Tamisha,25,F
363,Tammi,26,F
364,Tammie,26,F
365,Tammy,25,F
366,Tamra,24,F
367,Tab,25,F
368,Tabatha,24,F
369,Tabetha,26,F
370,Tabitha,25,F
371,Tad,25,F
372,Taft,25,F
373,Tahj,24,F
374,Tai,25,F
375,Taina,25,F
376,Taj,25,F
377,Taja,24,F
378,Takisha,26,F
379,Tal,26,F
380,Talan,25,F
381,Talen,26,F
382,Talia,24,F
383,Taliyah,24,F
384,Tallie,24,F
385,Talmadge,25,F
386,Talmage,26,F
387,Fabian,24,F
388,Fabiola,26,F
389,Fae,24,F
390,Fairy,24,F
391,Faith,24,F
392,Fallon,26,F
393,Falon,26,F
394,Fannie,25,F
395,Fanny,25,F
396,Fannye,26,F
397,Farah,26,F
398,Faron,25,F
399,Farrah,24,F
400,Farrell,24,F
401,Farris,24,F
402,Fate,24,F
403,Fatima,24,F
404,Faustino,26,F
405,Fawn,25,F
406,Fay,25,F
407,Aaden,24,F
408,Aaliyah,26,F
409,Aarav,25,F
410,Aaron,25,F
411,Ab,24,F
412,Abagail,25,F
413,Abb,25,F
414,Abbey,25,F
415,Abbie,26,F
416,Abbigail,26,F
417,Abbott,24,F
418,Abby,26,F
419,Abdiel,24,F
420,Abdul,25,F
421,Abdullah,26,F
422,Abe,24,F
423,Abel,24,F
424,Abelardo,26,F
425,Abie,26,F
426,Abigail,26,F
427,Babe,26,F
428,Babette,26,F
429,Baby,25,F
430,Babymale,26,F
431,Bailee,25,F
432,Bailey,25,F
433,Baker,25,F
434,Baldwin,25,F
435,Ballard,26,F
436,Bama,26,F
437,Bambi,25,F
438,Banks,24,F
439,Barb,24,F
440,Barbara,26,F
441,Barbie,26,F
442,Dabney,25,F
443,Dafne,25,F
444,Dagmar,25,F
445,Dagny,26,F
446,Dahlia,26,F
447,Daija,25,F
448,Daijah,24,F
449,Daisey,24,F
450,Daisha,24,F
451,Daisie,26,F
452,Daisy,26,F
453,Daisye,24,F
454,Daja,26,F
455,Dakoda,26,F
456,Dakota,25,F
457,Dakotah,24,F
458,Dale,25,F
459,Dalia,26,F
460,Dallas,26,F
461,Dallin,24,F
462,Ean,26,F
463,Earl,25,F
464,Earle,26,F
465,Earlean,24,F
466,Earlene,25,F
467,Earley,26,F
468,Earlie,26,F
469,Earline,25,F
470,Early,25,F
471,Earnest,25,F
472,Earnestine,24,F
473,Eartha,25,F
474,Easter,24,F
475,Easton,26,F
476,Eathel,24,F
477,Ebb,26,F
478,Ebba,25,F
479,Ebbie,26,F
480,Eben,24,F
481,Ebenezer,26,F
482,Ian,25,F
483,Ibrahim,24,F
484,Ica,25,F
485,Icey,25,F
486,Icie,24,F
487,Icy,24,F
488,Ida,25,F
489,Idabelle,25,F
490,Idamae,26,F
491,Idell,25,F
492,Idella,26,F
493,Iesha,26,F
494,Ieshia,25,F
495,Ignacio,25,F
496,Ignatius,25,F
497,Ignatz,26,F
498,Ike,26,F
499,Ila,25,F
500,Ilah,24,F
501,Ilda,25,F
502,Lacey,25,F
503,Laci,24,F
504,Lacie,26,F
505,Lacy,25,F
506,Ladarius,25,F
507,Laddie,25,F
508,Ladonna,24,F
509,Lady,26,F
510,Lafayette,24,F
511,Lafe,25,F
512,Lahoma,26,F
513,Laila,24,F
514,Lailah,26,F
515,Lainey,24,F
516,Laisha,25,F
517,Lakeisha,26,F
518,Laken,26,F
